{
  "version": "0.15.0",
  "graph": {
    "nodes": [
      {
        "id": "n0",
        "position": {
          "x": 0,
          "y": 0
        },
        "caption": "Planet"
      },
      {
        "id": "n1",
        "position": {
          "x": 152.5,
          "y": -218
        },
        "caption": "Affiliation"
      }
    ],
    "relationships": [
      {
        "id": "n0",
        "type": "HAS_AFFILIATION",
        "fromId": "n0",
        "toId": "n1"
      },
      {
        "id": "n1",
        "type": "NEXT_TO",
        "fromId": "n0",
        "toId": "n0"
      }
    ]
  },
  "dataModel": {
    "configurations": {
      "idsToIgnore": []
    },
    "fileModel": {
      "fileSchemas": {
        "planets_next_to.csv": {
          "expanded": true,
          "fields": [
            {
              "name": "from_planet",
              "type": "string",
              "sample": "A-Foroon",
              "include": true
            },
            {
              "name": "to_planet",
              "type": "string",
              "sample": "C-Foroon",
              "include": true
            }
          ]
        },
        "planets.csv": {
          "expanded": true,
          "fields": [
            {
              "name": "name",
              "type": "string",
              "sample": "A-Foroon",
              "include": true
            },
            {
              "name": "X",
              "type": "float",
              "sample": "660.017",
              "include": true
            },
            {
              "name": "Y",
              "type": "float",
              "sample": "-648.846",
              "include": true
            },
            {
              "name": "affiliation",
              "type": "string",
              "sample": "null",
              "include": true
            },
            {
              "name": "pagerank",
              "type": "float",
              "sample": "1.0149040225299286",
              "include": true
            },
            {
              "name": "betweeness",
              "type": "float",
              "sample": "879.8591608310167",
              "include": true
            }
          ]
        },
        "planets_affiliation.csv": {
          "expanded": true,
          "fields": [
            {
              "name": "planet",
              "type": "string",
              "sample": "Tantive",
              "include": true
            },
            {
              "name": "name",
              "type": "string",
              "sample": "Dark Side",
              "include": true
            }
          ]
        }
      }
    },
    "graphModel": {
      "nodeSchemas": {
        "n0": {
          "label": "Planet",
          "additionLabels": [],
          "labelProperties": [],
          "properties": [
            {
              "property": "name",
              "type": "string",
              "identifier": "MAdvLoQnYPGKafH1zTnjB"
            },
            {
              "property": "X",
              "type": "float",
              "identifier": "PjFwMxgqIKbfmB7uryzBa"
            },
            {
              "property": "Y",
              "type": "float",
              "identifier": "liIFCelLyJeIwhrHqTD0y"
            },
            {
              "property": "affiliation",
              "type": "string",
              "identifier": "__4Nck5iECV5Mu9I__LXW"
            },
            {
              "property": "pagerank",
              "type": "float",
              "identifier": "SEkLhiompxEkAuOuVZkQG"
            },
            {
              "property": "betweeness",
              "type": "float",
              "identifier": "2BnY1kDAe6Qq5iGUTRmoJ"
            }
          ],
          "key": {
            "properties": [
              "MAdvLoQnYPGKafH1zTnjB"
            ]
          }
        },
        "n1": {
          "label": "Affiliation",
          "additionLabels": [],
          "labelProperties": [],
          "properties": [
            {
              "property": "name",
              "type": "string",
              "identifier": "J0tLW_4H1SkSBoD-PDEcm"
            }
          ],
          "key": {
            "properties": [
              "J0tLW_4H1SkSBoD-PDEcm"
            ]
          }
        }
      },
      "relationshipSchemas": {
        "n0": {
          "type": "HAS_AFFILIATION",
          "sourceNodeSchema": "n0",
          "targetNodeSchema": "n1",
          "properties": []
        },
        "n1": {
          "type": "NEXT_TO",
          "sourceNodeSchema": "n0",
          "targetNodeSchema": "n0",
          "properties": []
        }
      }
    },
    "mappingModel": {
      "nodeMappings": {
        "n0": {
          "nodeSchema": "n0",
          "fileSchema": "planets.csv",
          "mappings": [
            {
              "field": "name"
            },
            {
              "field": "X"
            },
            {
              "field": "Y"
            },
            {
              "field": "affiliation"
            },
            {
              "field": "pagerank"
            },
            {
              "field": "betweeness"
            }
          ]
        },
        "n1": {
          "nodeSchema": "n1",
          "fileSchema": "planets_affiliation.csv",
          "mappings": [
            {
              "field": "name"
            }
          ]
        }
      },
      "relationshipMappings": {
        "n0": {
          "relationshipSchema": "n0",
          "mappings": [],
          "sourceMappings": [
            {
              "field": "planet"
            }
          ],
          "targetMappings": [
            {
              "field": "name"
            }
          ],
          "fileSchema": "planets_affiliation.csv"
        },
        "n1": {
          "relationshipSchema": "n1",
          "mappings": [],
          "sourceMappings": [
            {
              "field": "from_planet"
            }
          ],
          "targetMappings": [
            {
              "field": "to_planet"
            }
          ],
          "fileSchema": "planets_next_to.csv"
        }
      }
    }
  }
}