planet,name
Tantive,Dark Side
Telos,Dark Side
Telos IV,Dark Side
Praadost,Dark Side
Praadost II,Dark Side
Dathomir,Dark Side
Malachor,Dark Side
Geonosis,Dark Side
Mustafar,Dark Side
Lah'mu,Neutral
Mygeeto,Neutral
Utapau,Neutral
Kuat,Neutral
Yag'Dhul,Neutral
Kashyyyk,Neutral
Cato Neimoidia,Neutral
Mortis,Neutral
Coruscant,Neutral
Hoth,Neutral
Saleucami,Neutral
Vulpter,Neutral
Bespin,Neutral
Jakku,Neutral
Christophsis,Neutral
Eriadu,Neutral
Muunilinst,Neutral
Ryloth,Neutral
Rodia,Neutral
Abafar,Neutral
Mimban,Neutral
Tatooine,Neutral
Taris,Neutral
Trandosha,Neutral
Wobani,Neutral
Serenno,Neutral
Umbara,Neutral
Kessel,Neutral
Sullust,Neutral
Mandalore,Neutral
Iridonia,Neutral
Duro,Neutral
Anaxes,Neutral
Scarif,Neutral
Teth,Neutral
Kamino,Neutral
Garel,Neutral
Pantora,Neutral
Felucia,Neutral
Sluis Van,Neutral
Ossus,Light Side
Atollon,Light Side
Dagobah,Light Side
Dantooine,Light Side
Naboo,Light Side
Ilum,Light Side
Ithor,Light Side
Crait,Light Side
Endor,Light Side
Alderaan,Light Side
Ruusan,Light Side
Rhen Var,Light Side
Shili,Light Side
Voss,Light Side
Ahch-To,Light Side
Lothal,Light Side